"['1991', '3111']",growthbelowavg,regbelowavg
"['1991', '3112']",growthaboveavg,regbelowavg
"['1991', '3116']",growthbelowavg,regaboveavg
"['1991', '3121']",growthaboveavg,regbelowavg
"['1991', '3132']",growthaboveavg,regbelowavg
"['1991', '3133']",growthaboveavg,regbelowavg
"['1991', '3141']",growthbelowavg,regbelowavg
"['1991', '3211']",growthbelowavg,regbelowavg
"['1991', '3221']",growthbelowavg,regbelowavg
"['1991', '3241']",growthaboveavg,regaboveavg
"['1991', '3251']",growthbelowavg,regaboveavg
"['1991', '3253']",growthbelowavg,regaboveavg
"['1991', '3254']",growthaboveavg,regaboveavg
"['1991', '3255']",growthbelowavg,regbelowavg
"['1991', '3273']",growthbelowavg,regbelowavg
"['1991', '3274']",growthbelowavg,regbelowavg
"['1991', '3313']",growthaboveavg,regbelowavg
"['1991', '3333']",growthbelowavg,regbelowavg
"['1991', '3334']",growthbelowavg,regbelowavg
"['1991', '3336']",growthbelowavg,regbelowavg
"['1991', '3339']",growthbelowavg,regbelowavg
"['1991', '3345']",growthaboveavg,regaboveavg
"['1991', '3351']",growthbelowavg,regbelowavg
"['1991', '3352']",growthbelowavg,regbelowavg
"['1991', '3353']",growthbelowavg,regbelowavg
"['1991', '3361']",growthaboveavg,regaboveavg
"['1991', '3362']",growthbelowavg,regaboveavg
"['1991', '3363']",growthbelowavg,regaboveavg
"['1991', '3366']",growthbelowavg,regaboveavg
"['1991', '3391']",growthaboveavg,regaboveavg
"['1992', '3111']",growthbelowavg,regbelowavg
"['1992', '3112']",growthbelowavg,regbelowavg
"['1992', '3116']",growthbelowavg,regaboveavg
"['1992', '3121']",growthbelowavg,regbelowavg
"['1992', '3132']",growthbelowavg,regbelowavg
"['1992', '3133']",growthbelowavg,regbelowavg
"['1992', '3141']",growthaboveavg,regbelowavg
"['1992', '3211']",growthbelowavg,regbelowavg
"['1992', '3221']",growthbelowavg,regbelowavg
"['1992', '3241']",growthbelowavg,regaboveavg
"['1992', '3251']",growthbelowavg,regaboveavg
"['1992', '3253']",growthbelowavg,regaboveavg
"['1992', '3254']",growthbelowavg,regaboveavg
"['1992', '3255']",growthbelowavg,regbelowavg
"['1992', '3273']",growthbelowavg,regbelowavg
"['1992', '3274']",growthbelowavg,regbelowavg
"['1992', '3313']",growthaboveavg,regbelowavg
"['1992', '3333']",growthbelowavg,regbelowavg
"['1992', '3334']",growthaboveavg,regbelowavg
"['1992', '3336']",growthbelowavg,regbelowavg
"['1992', '3339']",growthbelowavg,regbelowavg
"['1992', '3345']",growthbelowavg,regbelowavg
"['1992', '3351']",growthbelowavg,regbelowavg
"['1992', '3352']",growthaboveavg,regbelowavg
"['1992', '3353']",growthaboveavg,regbelowavg
"['1992', '3361']",growthbelowavg,regaboveavg
"['1992', '3362']",growthaboveavg,regaboveavg
"['1992', '3363']",growthaboveavg,regaboveavg
"['1992', '3366']",growthaboveavg,regaboveavg
"['1992', '3391']",growthbelowavg,regaboveavg
"['1993', '3111']",growthaboveavg,regbelowavg
"['1993', '3112']",growthaboveavg,regbelowavg
"['1993', '3116']",growthaboveavg,regaboveavg
"['1993', '3121']",growthaboveavg,regbelowavg
"['1993', '3132']",growthaboveavg,regbelowavg
"['1993', '3133']",growthbelowavg,regbelowavg
"['1993', '3141']",growthaboveavg,regbelowavg
"['1993', '3211']",growthbelowavg,regbelowavg
"['1993', '3221']",growthaboveavg,regbelowavg
"['1993', '3241']",growthaboveavg,regaboveavg
"['1993', '3251']",growthaboveavg,regaboveavg
"['1993', '3253']",growthaboveavg,regaboveavg
"['1993', '3254']",growthbelowavg,regaboveavg
"['1993', '3255']",growthaboveavg,regbelowavg
"['1993', '3273']",growthaboveavg,regbelowavg
"['1993', '3274']",growthbelowavg,regbelowavg
"['1993', '3313']",growthaboveavg,regbelowavg
"['1993', '3333']",growthaboveavg,regbelowavg
"['1993', '3334']",growthaboveavg,regbelowavg
"['1993', '3336']",growthaboveavg,regbelowavg
"['1993', '3339']",growthaboveavg,regbelowavg
"['1993', '3345']",growthaboveavg,regbelowavg
"['1993', '3351']",growthbelowavg,regbelowavg
"['1993', '3352']",growthaboveavg,regbelowavg
"['1993', '3353']",growthaboveavg,regbelowavg
"['1993', '3361']",growthbelowavg,regaboveavg
"['1993', '3362']",growthaboveavg,regaboveavg
"['1993', '3363']",growthaboveavg,regaboveavg
"['1993', '3366']",growthbelowavg,regaboveavg
"['1993', '3391']",growthbelowavg,regaboveavg
"['1994', '3111']",growthaboveavg,regbelowavg
"['1994', '3112']",growthbelowavg,regbelowavg
"['1994', '3116']",growthbelowavg,regaboveavg
"['1994', '3121']",growthaboveavg,regbelowavg
"['1994', '3132']",growthaboveavg,regbelowavg
"['1994', '3133']",growthaboveavg,regbelowavg
"['1994', '3141']",growthbelowavg,regbelowavg
"['1994', '3211']",growthbelowavg,regbelowavg
"['1994', '3221']",growthaboveavg,regbelowavg
"['1994', '3241']",growthbelowavg,regaboveavg
"['1994', '3251']",growthaboveavg,regaboveavg
"['1994', '3253']",growthbelowavg,regaboveavg
"['1994', '3254']",growthbelowavg,regaboveavg
"['1994', '3255']",growthaboveavg,regbelowavg
"['1994', '3273']",growthbelowavg,regbelowavg
"['1994', '3274']",growthbelowavg,regbelowavg
"['1994', '3313']",growthbelowavg,regbelowavg
"['1994', '3333']",growthbelowavg,regbelowavg
"['1994', '3334']",growthaboveavg,regbelowavg
"['1994', '3336']",growthaboveavg,regbelowavg
"['1994', '3339']",growthbelowavg,regbelowavg
"['1994', '3345']",growthbelowavg,regbelowavg
"['1994', '3351']",growthaboveavg,regbelowavg
"['1994', '3352']",growthaboveavg,regbelowavg
"['1994', '3353']",growthaboveavg,regbelowavg
"['1994', '3361']",growthbelowavg,regaboveavg
"['1994', '3362']",growthaboveavg,regbelowavg
"['1994', '3363']",growthaboveavg,regaboveavg
"['1994', '3366']",growthbelowavg,regaboveavg
"['1994', '3391']",growthbelowavg,regaboveavg
"['1995', '3111']",growthaboveavg,regbelowavg
"['1995', '3112']",growthaboveavg,regbelowavg
"['1995', '3116']",growthaboveavg,regaboveavg
"['1995', '3121']",growthaboveavg,regbelowavg
"['1995', '3132']",growthaboveavg,regbelowavg
"['1995', '3133']",growthbelowavg,regbelowavg
"['1995', '3141']",growthaboveavg,regbelowavg
"['1995', '3211']",growthaboveavg,regbelowavg
"['1995', '3221']",growthbelowavg,regbelowavg
"['1995', '3241']",growthaboveavg,regaboveavg
"['1995', '3251']",growthbelowavg,regaboveavg
"['1995', '3253']",growthaboveavg,regaboveavg
"['1995', '3254']",growthbelowavg,regaboveavg
"['1995', '3255']",growthbelowavg,regbelowavg
"['1995', '3273']",growthaboveavg,regbelowavg
"['1995', '3274']",growthaboveavg,regbelowavg
"['1995', '3313']",growthbelowavg,regbelowavg
"['1995', '3333']",growthbelowavg,regbelowavg
"['1995', '3334']",growthbelowavg,regbelowavg
"['1995', '3336']",growthbelowavg,regbelowavg
"['1995', '3339']",growthaboveavg,regbelowavg
"['1995', '3345']",growthaboveavg,regbelowavg
"['1995', '3351']",growthbelowavg,regbelowavg
"['1995', '3352']",growthbelowavg,regbelowavg
"['1995', '3353']",growthaboveavg,regbelowavg
"['1995', '3361']",growthaboveavg,regaboveavg
"['1995', '3362']",growthaboveavg,regaboveavg
"['1995', '3363']",growthaboveavg,regaboveavg
"['1995', '3366']",growthbelowavg,regaboveavg
"['1995', '3391']",growthaboveavg,regaboveavg
"['1996', '3111']",growthbelowavg,regbelowavg
"['1996', '3112']",growthbelowavg,regbelowavg
"['1996', '3116']",growthbelowavg,regbelowavg
"['1996', '3121']",growthbelowavg,regbelowavg
"['1996', '3132']",growthbelowavg,regbelowavg
"['1996', '3133']",growthbelowavg,regbelowavg
"['1996', '3141']",growthbelowavg,regbelowavg
"['1996', '3211']",growthbelowavg,regbelowavg
"['1996', '3221']",growthbelowavg,regbelowavg
"['1996', '3241']",growthaboveavg,regaboveavg
"['1996', '3251']",growthbelowavg,regaboveavg
"['1996', '3253']",growthaboveavg,regaboveavg
"['1996', '3254']",growthbelowavg,regaboveavg
"['1996', '3255']",growthbelowavg,regbelowavg
"['1996', '3273']",growthbelowavg,regbelowavg
"['1996', '3274']",growthaboveavg,regbelowavg
"['1996', '3313']",growthaboveavg,regbelowavg
"['1996', '3333']",growthbelowavg,regbelowavg
"['1996', '3334']",growthbelowavg,regbelowavg
"['1996', '3336']",growthaboveavg,regbelowavg
"['1996', '3339']",growthbelowavg,regbelowavg
"['1996', '3345']",growthbelowavg,regbelowavg
"['1996', '3351']",growthbelowavg,regbelowavg
"['1996', '3352']",growthbelowavg,regbelowavg
"['1996', '3353']",growthbelowavg,regbelowavg
"['1996', '3361']",growthbelowavg,regaboveavg
"['1996', '3362']",growthbelowavg,regaboveavg
"['1996', '3363']",growthbelowavg,regaboveavg
"['1996', '3366']",growthbelowavg,regaboveavg
"['1996', '3391']",growthaboveavg,regaboveavg
"['1997', '3111']",growthaboveavg,regbelowavg
"['1997', '3112']",growthbelowavg,regbelowavg
"['1997', '3116']",growthaboveavg,regbelowavg
"['1997', '3121']",growthbelowavg,regbelowavg
"['1997', '3132']",growthbelowavg,regbelowavg
"['1997', '3133']",growthaboveavg,regbelowavg
"['1997', '3141']",growthaboveavg,regbelowavg
"['1997', '3211']",growthbelowavg,regbelowavg
"['1997', '3221']",growthaboveavg,regbelowavg
"['1997', '3241']",growthaboveavg,regaboveavg
"['1997', '3251']",growthaboveavg,regaboveavg
"['1997', '3253']",growthbelowavg,regaboveavg
"['1997', '3254']",growthbelowavg,regaboveavg
"['1997', '3255']",growthaboveavg,regbelowavg
"['1997', '3273']",growthbelowavg,regbelowavg
"['1997', '3274']",growthaboveavg,regbelowavg
"['1997', '3313']",growthbelowavg,regbelowavg
"['1997', '3333']",growthbelowavg,regbelowavg
"['1997', '3334']",growthaboveavg,regbelowavg
"['1997', '3336']",growthbelowavg,regbelowavg
"['1997', '3339']",growthaboveavg,regbelowavg
"['1997', '3345']",growthbelowavg,regbelowavg
"['1997', '3351']",growthaboveavg,regbelowavg
"['1997', '3352']",growthaboveavg,regbelowavg
"['1997', '3353']",growthbelowavg,regbelowavg
"['1997', '3361']",growthaboveavg,regaboveavg
"['1997', '3362']",growthbelowavg,regaboveavg
"['1997', '3363']",growthaboveavg,regaboveavg
"['1997', '3366']",growthaboveavg,regaboveavg
"['1997', '3391']",growthbelowavg,regaboveavg
"['1998', '3111']",growthaboveavg,regbelowavg
"['1998', '3112']",growthaboveavg,regbelowavg
"['1998', '3116']",growthaboveavg,regaboveavg
"['1998', '3121']",growthbelowavg,regbelowavg
"['1998', '3132']",growthbelowavg,regbelowavg
"['1998', '3133']",growthbelowavg,regbelowavg
"['1998', '3141']",growthbelowavg,regbelowavg
"['1998', '3211']",growthbelowavg,regbelowavg
"['1998', '3221']",growthbelowavg,regbelowavg
"['1998', '3241']",growthaboveavg,regaboveavg
"['1998', '3251']",growthaboveavg,regaboveavg
"['1998', '3253']",growthbelowavg,regaboveavg
"['1998', '3254']",growthbelowavg,regaboveavg
"['1998', '3255']",growthbelowavg,regbelowavg
"['1998', '3273']",growthbelowavg,regbelowavg
"['1998', '3274']",growthaboveavg,regbelowavg
"['1998', '3313']",growthaboveavg,regbelowavg
"['1998', '3333']",growthaboveavg,regbelowavg
"['1998', '3334']",growthbelowavg,regbelowavg
"['1998', '3336']",growthbelowavg,regbelowavg
"['1998', '3339']",growthbelowavg,regbelowavg
"['1998', '3345']",growthbelowavg,regbelowavg
"['1998', '3351']",growthbelowavg,regbelowavg
"['1998', '3352']",growthbelowavg,regbelowavg
"['1998', '3353']",growthbelowavg,regbelowavg
"['1998', '3361']",growthbelowavg,regaboveavg
"['1998', '3362']",growthbelowavg,regaboveavg
"['1998', '3363']",growthbelowavg,regaboveavg
"['1998', '3366']",growthbelowavg,regaboveavg
"['1998', '3391']",growthaboveavg,regaboveavg
"['1999', '3111']",growthbelowavg,regbelowavg
"['1999', '3112']",growthaboveavg,regbelowavg
"['1999', '3116']",growthbelowavg,regaboveavg
"['1999', '3121']",growthbelowavg,regbelowavg
"['1999', '3132']",growthaboveavg,regbelowavg
"['1999', '3133']",growthbelowavg,regbelowavg
"['1999', '3141']",growthbelowavg,regbelowavg
"['1999', '3211']",growthbelowavg,regbelowavg
"['1999', '3221']",growthaboveavg,regbelowavg
"['1999', '3241']",growthbelowavg,regaboveavg
"['1999', '3251']",growthbelowavg,regaboveavg
"['1999', '3253']",growthbelowavg,regaboveavg
"['1999', '3254']",growthbelowavg,regaboveavg
"['1999', '3255']",growthbelowavg,regbelowavg
"['1999', '3273']",growthbelowavg,regbelowavg
"['1999', '3274']",growthbelowavg,regbelowavg
"['1999', '3313']",growthaboveavg,regbelowavg
"['1999', '3333']",growthbelowavg,regbelowavg
"['1999', '3334']",growthbelowavg,regbelowavg
"['1999', '3336']",growthaboveavg,regbelowavg
"['1999', '3339']",growthbelowavg,regbelowavg
"['1999', '3345']",growthbelowavg,regbelowavg
"['1999', '3351']",growthbelowavg,regbelowavg
"['1999', '3352']",growthbelowavg,regbelowavg
"['1999', '3353']",growthbelowavg,regbelowavg
"['1999', '3361']",growthaboveavg,regaboveavg
"['1999', '3362']",growthbelowavg,regaboveavg
"['1999', '3363']",growthbelowavg,regaboveavg
"['1999', '3366']",growthbelowavg,regaboveavg
"['1999', '3391']",growthbelowavg,regaboveavg
"['2000', '3111']",growthbelowavg,regbelowavg
"['2000', '3112']",growthaboveavg,regbelowavg
"['2000', '3116']",growthbelowavg,regbelowavg
"['2000', '3121']",growthbelowavg,regbelowavg
"['2000', '3132']",growthbelowavg,regbelowavg
"['2000', '3133']",growthaboveavg,regbelowavg
"['2000', '3141']",growthbelowavg,regbelowavg
"['2000', '3211']",growthaboveavg,regbelowavg
"['2000', '3221']",growthbelowavg,regbelowavg
"['2000', '3241']",growthaboveavg,regaboveavg
"['2000', '3251']",growthbelowavg,regaboveavg
"['2000', '3253']",growthaboveavg,regaboveavg
"['2000', '3254']",growthbelowavg,regaboveavg
"['2000', '3255']",growthbelowavg,regbelowavg
"['2000', '3273']",growthbelowavg,regbelowavg
"['2000', '3274']",growthbelowavg,regbelowavg
"['2000', '3313']",growthbelowavg,regbelowavg
"['2000', '3333']",growthbelowavg,regbelowavg
"['2000', '3334']",growthbelowavg,regbelowavg
"['2000', '3336']",growthbelowavg,regbelowavg
"['2000', '3339']",growthbelowavg,regbelowavg
"['2000', '3345']",growthaboveavg,regbelowavg
"['2000', '3351']",growthbelowavg,regbelowavg
"['2000', '3352']",growthaboveavg,regbelowavg
"['2000', '3353']",growthbelowavg,regbelowavg
"['2000', '3361']",growthbelowavg,regaboveavg
"['2000', '3362']",growthbelowavg,regaboveavg
"['2000', '3363']",growthbelowavg,regaboveavg
"['2000', '3366']",growthbelowavg,regaboveavg
"['2000', '3391']",growthaboveavg,regaboveavg
"['2001', '3111']",growthaboveavg,regbelowavg
"['2001', '3112']",growthbelowavg,regbelowavg
"['2001', '3116']",growthbelowavg,regbelowavg
"['2001', '3121']",growthaboveavg,regbelowavg
"['2001', '3132']",growthbelowavg,regbelowavg
"['2001', '3133']",growthbelowavg,regbelowavg
"['2001', '3141']",growthbelowavg,regbelowavg
"['2001', '3211']",growthaboveavg,regbelowavg
"['2001', '3221']",growthbelowavg,regbelowavg
"['2001', '3241']",growthaboveavg,regaboveavg
"['2001', '3251']",growthbelowavg,regaboveavg
"['2001', '3253']",growthbelowavg,regaboveavg
"['2001', '3254']",growthaboveavg,regaboveavg
"['2001', '3255']",growthaboveavg,regbelowavg
"['2001', '3273']",growthbelowavg,regbelowavg
"['2001', '3274']",growthaboveavg,regbelowavg
"['2001', '3313']",growthbelowavg,regbelowavg
"['2001', '3333']",growthbelowavg,regbelowavg
"['2001', '3334']",growthbelowavg,regbelowavg
"['2001', '3336']",growthaboveavg,regbelowavg
"['2001', '3339']",growthbelowavg,regbelowavg
"['2001', '3345']",growthbelowavg,regbelowavg
"['2001', '3351']",growthbelowavg,regbelowavg
"['2001', '3352']",growthbelowavg,regbelowavg
"['2001', '3353']",growthbelowavg,regbelowavg
"['2001', '3361']",growthbelowavg,regaboveavg
"['2001', '3362']",growthbelowavg,regaboveavg
"['2001', '3363']",growthbelowavg,regaboveavg
"['2001', '3366']",growthbelowavg,regaboveavg
"['2001', '3391']",growthbelowavg,regaboveavg
"['2002', '3111']",growthaboveavg,regbelowavg
"['2002', '3112']",growthbelowavg,regbelowavg
"['2002', '3116']",growthaboveavg,regbelowavg
"['2002', '3121']",growthaboveavg,regbelowavg
"['2002', '3132']",growthaboveavg,regbelowavg
"['2002', '3133']",growthbelowavg,regbelowavg
"['2002', '3141']",growthbelowavg,regbelowavg
"['2002', '3211']",growthaboveavg,regbelowavg
"['2002', '3221']",growthaboveavg,regbelowavg
"['2002', '3241']",growthbelowavg,regaboveavg
"['2002', '3251']",growthaboveavg,regaboveavg
"['2002', '3253']",growthaboveavg,regaboveavg
"['2002', '3254']",growthaboveavg,regaboveavg
"['2002', '3255']",growthbelowavg,regbelowavg
"['2002', '3273']",growthbelowavg,regbelowavg
"['2002', '3274']",growthbelowavg,regbelowavg
"['2002', '3313']",growthaboveavg,regbelowavg
"['2002', '3333']",growthbelowavg,regbelowavg
"['2002', '3334']",growthaboveavg,regbelowavg
"['2002', '3336']",growthbelowavg,regbelowavg
"['2002', '3339']",growthaboveavg,regbelowavg
"['2002', '3345']",growthbelowavg,regbelowavg
"['2002', '3351']",growthbelowavg,regbelowavg
"['2002', '3352']",growthaboveavg,regbelowavg
"['2002', '3353']",growthbelowavg,regbelowavg
"['2002', '3361']",growthaboveavg,regaboveavg
"['2002', '3362']",growthaboveavg,regaboveavg
"['2002', '3363']",growthaboveavg,regaboveavg
"['2002', '3366']",growthaboveavg,regaboveavg
"['2002', '3391']",growthbelowavg,regaboveavg
"['2003', '3111']",growthaboveavg,regbelowavg
"['2003', '3112']",growthbelowavg,regbelowavg
"['2003', '3116']",growthaboveavg,regbelowavg
"['2003', '3121']",growthaboveavg,regbelowavg
"['2003', '3132']",growthaboveavg,regbelowavg
"['2003', '3133']",growthbelowavg,regbelowavg
"['2003', '3141']",growthaboveavg,regbelowavg
"['2003', '3211']",growthaboveavg,regbelowavg
"['2003', '3221']",growthaboveavg,regbelowavg
"['2003', '3241']",growthaboveavg,regaboveavg
"['2003', '3251']",growthaboveavg,regaboveavg
"['2003', '3253']",growthaboveavg,regaboveavg
"['2003', '3254']",growthbelowavg,regaboveavg
"['2003', '3255']",growthaboveavg,regbelowavg
"['2003', '3273']",growthaboveavg,regbelowavg
"['2003', '3274']",growthaboveavg,regbelowavg
"['2003', '3313']",growthbelowavg,regbelowavg
"['2003', '3333']",growthaboveavg,regbelowavg
"['2003', '3334']",growthaboveavg,regbelowavg
"['2003', '3336']",growthbelowavg,regbelowavg
"['2003', '3339']",growthaboveavg,regbelowavg
"['2003', '3345']",growthaboveavg,regbelowavg
"['2003', '3351']",growthbelowavg,regbelowavg
"['2003', '3352']",growthaboveavg,regbelowavg
"['2003', '3353']",growthaboveavg,regbelowavg
"['2003', '3361']",growthaboveavg,regaboveavg
"['2003', '3362']",growthaboveavg,regaboveavg
"['2003', '3363']",growthbelowavg,regaboveavg
"['2003', '3366']",growthbelowavg,regaboveavg
"['2003', '3391']",growthaboveavg,regaboveavg
"['2004', '3111']",growthbelowavg,regbelowavg
"['2004', '3112']",growthbelowavg,regbelowavg
"['2004', '3116']",growthaboveavg,regbelowavg
"['2004', '3121']",growthbelowavg,regbelowavg
"['2004', '3132']",growthbelowavg,regbelowavg
"['2004', '3133']",growthbelowavg,regbelowavg
"['2004', '3141']",growthbelowavg,regbelowavg
"['2004', '3211']",growthbelowavg,regbelowavg
"['2004', '3221']",growthaboveavg,regbelowavg
"['2004', '3241']",growthbelowavg,regaboveavg
"['2004', '3251']",growthaboveavg,regaboveavg
"['2004', '3253']",growthaboveavg,regaboveavg
"['2004', '3254']",growthbelowavg,regaboveavg
"['2004', '3255']",growthaboveavg,regbelowavg
"['2004', '3273']",growthbelowavg,regbelowavg
"['2004', '3274']",growthbelowavg,regbelowavg
"['2004', '3313']",growthaboveavg,regbelowavg
"['2004', '3333']",growthbelowavg,regbelowavg
"['2004', '3334']",growthaboveavg,regbelowavg
"['2004', '3336']",growthbelowavg,regbelowavg
"['2004', '3339']",growthaboveavg,regbelowavg
"['2004', '3345']",growthaboveavg,regbelowavg
"['2004', '3351']",growthaboveavg,regbelowavg
"['2004', '3352']",growthaboveavg,regbelowavg
"['2004', '3353']",growthaboveavg,regbelowavg
"['2004', '3361']",growthbelowavg,regaboveavg
"['2004', '3362']",growthbelowavg,regaboveavg
"['2004', '3363']",growthaboveavg,regaboveavg
"['2004', '3366']",growthbelowavg,regaboveavg
"['2004', '3391']",growthbelowavg,regaboveavg
"['2005', '3111']",growthaboveavg,regbelowavg
"['2005', '3112']",growthbelowavg,regbelowavg
"['2005', '3116']",growthaboveavg,regbelowavg
"['2005', '3121']",growthaboveavg,regbelowavg
"['2005', '3132']",growthaboveavg,regbelowavg
"['2005', '3133']",growthaboveavg,regbelowavg
"['2005', '3141']",growthaboveavg,regbelowavg
"['2005', '3211']",growthbelowavg,regbelowavg
"['2005', '3221']",growthbelowavg,regbelowavg
"['2005', '3241']",growthbelowavg,regaboveavg
"['2005', '3251']",growthbelowavg,regaboveavg
"['2005', '3253']",growthaboveavg,regaboveavg
"['2005', '3254']",growthbelowavg,regaboveavg
"['2005', '3255']",growthbelowavg,regbelowavg
"['2005', '3273']",growthbelowavg,regbelowavg
"['2005', '3274']",growthaboveavg,regbelowavg
"['2005', '3313']",growthbelowavg,regbelowavg
"['2005', '3333']",growthaboveavg,regbelowavg
"['2005', '3334']",growthbelowavg,regbelowavg
"['2005', '3336']",growthbelowavg,regbelowavg
"['2005', '3339']",growthaboveavg,regbelowavg
"['2005', '3345']",growthaboveavg,regbelowavg
"['2005', '3351']",growthaboveavg,regbelowavg
"['2005', '3352']",growthaboveavg,regbelowavg
"['2005', '3353']",growthbelowavg,regbelowavg
"['2005', '3361']",growthaboveavg,regaboveavg
"['2005', '3362']",growthbelowavg,regaboveavg
"['2005', '3363']",growthaboveavg,regaboveavg
"['2005', '3366']",growthbelowavg,regaboveavg
"['2005', '3391']",growthaboveavg,regaboveavg
"['2006', '3111']",growthaboveavg,regbelowavg
"['2006', '3112']",growthbelowavg,regbelowavg
"['2006', '3116']",growthaboveavg,regbelowavg
"['2006', '3121']",growthbelowavg,regbelowavg
"['2006', '3132']",growthbelowavg,regbelowavg
"['2006', '3133']",growthbelowavg,regbelowavg
"['2006', '3141']",growthbelowavg,regbelowavg
"['2006', '3211']",growthaboveavg,regbelowavg
"['2006', '3221']",growthaboveavg,regbelowavg
"['2006', '3241']",growthbelowavg,regaboveavg
"['2006', '3251']",growthaboveavg,regaboveavg
"['2006', '3253']",growthbelowavg,regaboveavg
"['2006', '3254']",growthbelowavg,regaboveavg
"['2006', '3255']",growthbelowavg,regbelowavg
"['2006', '3273']",growthbelowavg,regbelowavg
"['2006', '3274']",growthbelowavg,regbelowavg
"['2006', '3313']",growthbelowavg,regbelowavg
"['2006', '3333']",growthaboveavg,regbelowavg
"['2006', '3334']",growthaboveavg,regbelowavg
"['2006', '3336']",growthaboveavg,regbelowavg
"['2006', '3339']",growthaboveavg,regbelowavg
"['2006', '3345']",growthbelowavg,regbelowavg
"['2006', '3351']",growthaboveavg,regbelowavg
"['2006', '3352']",growthaboveavg,regbelowavg
"['2006', '3353']",growthaboveavg,regbelowavg
"['2006', '3361']",growthaboveavg,regaboveavg
"['2006', '3362']",growthaboveavg,regaboveavg
"['2006', '3363']",growthaboveavg,regaboveavg
"['2006', '3366']",growthaboveavg,regaboveavg
"['2006', '3391']",growthaboveavg,regaboveavg
"['2007', '3111']",growthbelowavg,regbelowavg
"['2007', '3112']",growthaboveavg,regbelowavg
"['2007', '3116']",growthbelowavg,regbelowavg
"['2007', '3121']",growthaboveavg,regbelowavg
"['2007', '3132']",growthaboveavg,regbelowavg
"['2007', '3133']",growthaboveavg,regbelowavg
"['2007', '3141']",growthbelowavg,regbelowavg
"['2007', '3211']",growthaboveavg,regbelowavg
"['2007', '3221']",growthbelowavg,regbelowavg
"['2007', '3241']",growthbelowavg,regaboveavg
"['2007', '3251']",growthaboveavg,regaboveavg
"['2007', '3253']",growthbelowavg,regaboveavg
"['2007', '3254']",growthbelowavg,regaboveavg
"['2007', '3255']",growthbelowavg,regbelowavg
"['2007', '3273']",growthaboveavg,regbelowavg
"['2007', '3274']",growthbelowavg,regbelowavg
"['2007', '3313']",growthbelowavg,regbelowavg
"['2007', '3333']",growthbelowavg,regbelowavg
"['2007', '3334']",growthbelowavg,regbelowavg
"['2007', '3336']",growthaboveavg,regbelowavg
"['2007', '3339']",growthaboveavg,regbelowavg
"['2007', '3345']",growthbelowavg,regbelowavg
"['2007', '3351']",growthaboveavg,regbelowavg
"['2007', '3352']",growthaboveavg,regbelowavg
"['2007', '3353']",growthaboveavg,regbelowavg
"['2007', '3361']",growthaboveavg,regaboveavg
"['2007', '3362']",growthbelowavg,regaboveavg
"['2007', '3363']",growthbelowavg,regaboveavg
"['2007', '3366']",growthaboveavg,regaboveavg
"['2007', '3391']",growthbelowavg,regaboveavg
"['2008', '3111']",growthbelowavg,regbelowavg
"['2008', '3112']",growthbelowavg,regbelowavg
"['2008', '3116']",growthbelowavg,regbelowavg
"['2008', '3121']",growthbelowavg,regbelowavg
"['2008', '3132']",growthaboveavg,regbelowavg
"['2008', '3133']",growthbelowavg,regbelowavg
"['2008', '3141']",growthaboveavg,regbelowavg
"['2008', '3211']",growthaboveavg,regbelowavg
"['2008', '3221']",growthbelowavg,regbelowavg
"['2008', '3241']",growthaboveavg,regaboveavg
"['2008', '3251']",growthbelowavg,regaboveavg
"['2008', '3253']",growthbelowavg,regaboveavg
"['2008', '3254']",growthbelowavg,regaboveavg
"['2008', '3255']",growthaboveavg,regbelowavg
"['2008', '3273']",growthbelowavg,regbelowavg
"['2008', '3274']",growthaboveavg,regbelowavg
"['2008', '3313']",growthaboveavg,regbelowavg
"['2008', '3333']",growthaboveavg,regbelowavg
"['2008', '3334']",growthaboveavg,regbelowavg
"['2008', '3336']",growthaboveavg,regbelowavg
"['2008', '3339']",growthaboveavg,regbelowavg
"['2008', '3345']",growthaboveavg,regbelowavg
"['2008', '3351']",growthaboveavg,regbelowavg
"['2008', '3352']",growthbelowavg,regbelowavg
"['2008', '3353']",growthaboveavg,regbelowavg
"['2008', '3361']",growthbelowavg,regaboveavg
"['2008', '3362']",growthbelowavg,regaboveavg
"['2008', '3363']",growthaboveavg,regaboveavg
"['2008', '3366']",growthaboveavg,regaboveavg
"['2008', '3391']",growthaboveavg,regaboveavg
"['2009', '3111']",growthbelowavg,regbelowavg
"['2009', '3112']",growthaboveavg,regbelowavg
"['2009', '3116']",growthbelowavg,regbelowavg
"['2009', '3121']",growthbelowavg,regbelowavg
"['2009', '3132']",growthbelowavg,regbelowavg
"['2009', '3133']",growthbelowavg,regbelowavg
"['2009', '3141']",growthbelowavg,regbelowavg
"['2009', '3211']",growthaboveavg,regbelowavg
"['2009', '3221']",growthbelowavg,regbelowavg
"['2009', '3241']",growthbelowavg,regaboveavg
"['2009', '3251']",growthbelowavg,regaboveavg
"['2009', '3253']",growthaboveavg,regaboveavg
"['2009', '3254']",growthbelowavg,regaboveavg
"['2009', '3255']",growthbelowavg,regbelowavg
"['2009', '3273']",growthbelowavg,regbelowavg
"['2009', '3274']",growthbelowavg,regbelowavg
"['2009', '3313']",growthaboveavg,regbelowavg
"['2009', '3333']",growthbelowavg,regbelowavg
"['2009', '3334']",growthbelowavg,regbelowavg
"['2009', '3336']",growthbelowavg,regbelowavg
"['2009', '3339']",growthbelowavg,regbelowavg
"['2009', '3345']",growthbelowavg,regbelowavg
"['2009', '3351']",growthbelowavg,regbelowavg
"['2009', '3352']",growthbelowavg,regbelowavg
"['2009', '3353']",growthbelowavg,regbelowavg
"['2009', '3361']",growthbelowavg,regaboveavg
"['2009', '3362']",growthbelowavg,regbelowavg
"['2009', '3363']",growthbelowavg,regaboveavg
"['2009', '3366']",growthaboveavg,regaboveavg
"['2009', '3391']",growthbelowavg,regaboveavg
"['2010', '3111']",growthbelowavg,regbelowavg
"['2010', '3112']",growthbelowavg,regbelowavg
"['2010', '3116']",growthbelowavg,regbelowavg
"['2010', '3121']",growthbelowavg,regbelowavg
"['2010', '3132']",growthaboveavg,regbelowavg
"['2010', '3133']",growthaboveavg,regbelowavg
"['2010', '3141']",growthbelowavg,regbelowavg
"['2010', '3211']",growthaboveavg,regbelowavg
"['2010', '3221']",growthbelowavg,regbelowavg
"['2010', '3241']",growthaboveavg,regaboveavg
"['2010', '3251']",growthaboveavg,regaboveavg
"['2010', '3253']",growthbelowavg,regaboveavg
"['2010', '3254']",growthbelowavg,regaboveavg
"['2010', '3255']",growthaboveavg,regbelowavg
"['2010', '3273']",growthbelowavg,regbelowavg
"['2010', '3274']",growthaboveavg,regbelowavg
"['2010', '3313']",growthbelowavg,regbelowavg
"['2010', '3333']",growthbelowavg,regbelowavg
"['2010', '3334']",growthaboveavg,regbelowavg
"['2010', '3336']",growthaboveavg,regbelowavg
"['2010', '3339']",growthaboveavg,regbelowavg
"['2010', '3345']",growthaboveavg,regbelowavg
"['2010', '3351']",growthbelowavg,regbelowavg
"['2010', '3352']",growthbelowavg,regbelowavg
"['2010', '3353']",growthbelowavg,regbelowavg
"['2010', '3361']",growthaboveavg,regaboveavg
"['2010', '3362']",growthbelowavg,regbelowavg
"['2010', '3363']",growthaboveavg,regaboveavg
"['2010', '3366']",growthaboveavg,regaboveavg
"['2010', '3391']",growthbelowavg,regaboveavg
"['2011', '3111']",growthbelowavg,regbelowavg
"['2011', '3112']",growthbelowavg,regbelowavg
"['2011', '3116']",growthbelowavg,regbelowavg
"['2011', '3121']",growthaboveavg,regbelowavg
"['2011', '3132']",growthbelowavg,regbelowavg
"['2011', '3133']",growthaboveavg,regbelowavg
"['2011', '3141']",growthaboveavg,regbelowavg
"['2011', '3211']",growthaboveavg,regbelowavg
"['2011', '3221']",growthaboveavg,regbelowavg
"['2011', '3241']",growthbelowavg,regaboveavg
"['2011', '3251']",growthbelowavg,regaboveavg
"['2011', '3253']",growthbelowavg,regaboveavg
"['2011', '3254']",growthaboveavg,regaboveavg
"['2011', '3255']",growthbelowavg,regbelowavg
"['2011', '3273']",growthaboveavg,regbelowavg
"['2011', '3274']",growthaboveavg,regbelowavg
"['2011', '3313']",growthaboveavg,regbelowavg
"['2011', '3333']",growthaboveavg,regbelowavg
"['2011', '3334']",growthbelowavg,regbelowavg
"['2011', '3336']",growthaboveavg,regbelowavg
"['2011', '3339']",growthaboveavg,regbelowavg
"['2011', '3345']",growthaboveavg,regbelowavg
"['2011', '3351']",growthaboveavg,regbelowavg
"['2011', '3352']",growthaboveavg,regbelowavg
"['2011', '3353']",growthaboveavg,regbelowavg
"['2011', '3361']",growthbelowavg,regaboveavg
"['2011', '3362']",growthaboveavg,regaboveavg
"['2011', '3363']",growthaboveavg,regaboveavg
"['2011', '3366']",growthaboveavg,regaboveavg
"['2011', '3391']",growthbelowavg,regaboveavg
"['2012', '3111']",growthbelowavg,regbelowavg
"['2012', '3112']",growthbelowavg,regbelowavg
"['2012', '3116']",growthbelowavg,regbelowavg
"['2012', '3121']",growthaboveavg,regbelowavg
"['2012', '3132']",growthbelowavg,regbelowavg
"['2012', '3133']",growthbelowavg,regbelowavg
"['2012', '3141']",growthbelowavg,regbelowavg
"['2012', '3211']",growthbelowavg,regbelowavg
"['2012', '3221']",growthaboveavg,regbelowavg
"['2012', '3241']",growthbelowavg,regaboveavg
"['2012', '3251']",growthbelowavg,regaboveavg
"['2012', '3253']",growthaboveavg,regaboveavg
"['2012', '3254']",growthbelowavg,regaboveavg
"['2012', '3255']",growthbelowavg,regbelowavg
"['2012', '3273']",growthaboveavg,regbelowavg
"['2012', '3274']",growthbelowavg,regbelowavg
"['2012', '3313']",growthaboveavg,regbelowavg
"['2012', '3333']",growthaboveavg,regbelowavg
"['2012', '3334']",growthaboveavg,regbelowavg
"['2012', '3336']",growthaboveavg,regbelowavg
"['2012', '3339']",growthbelowavg,regbelowavg
"['2012', '3345']",growthaboveavg,regbelowavg
"['2012', '3351']",growthaboveavg,regbelowavg
"['2012', '3352']",growthaboveavg,regbelowavg
"['2012', '3353']",growthbelowavg,regbelowavg
"['2012', '3361']",growthbelowavg,regaboveavg
"['2012', '3362']",growthbelowavg,regaboveavg
"['2012', '3363']",growthbelowavg,regaboveavg
"['2012', '3366']",growthaboveavg,regaboveavg
"['2012', '3391']",growthbelowavg,regaboveavg
"['2013', '3111']",growthbelowavg,regbelowavg
"['2013', '3112']",growthbelowavg,regbelowavg
"['2013', '3116']",growthaboveavg,regbelowavg
"['2013', '3121']",growthbelowavg,regbelowavg
"['2013', '3132']",growthbelowavg,regbelowavg
"['2013', '3133']",growthaboveavg,regbelowavg
"['2013', '3141']",growthbelowavg,regbelowavg
"['2013', '3211']",growthbelowavg,regbelowavg
"['2013', '3221']",growthaboveavg,regbelowavg
"['2013', '3241']",growthaboveavg,regaboveavg
"['2013', '3251']",growthaboveavg,regaboveavg
"['2013', '3253']",growthaboveavg,regaboveavg
"['2013', '3254']",growthbelowavg,regaboveavg
"['2013', '3255']",growthbelowavg,regbelowavg
"['2013', '3273']",growthaboveavg,regbelowavg
"['2013', '3274']",growthaboveavg,regbelowavg
"['2013', '3313']",growthaboveavg,regbelowavg
"['2013', '3333']",growthaboveavg,regbelowavg
"['2013', '3334']",growthbelowavg,regbelowavg
"['2013', '3336']",growthbelowavg,regbelowavg
"['2013', '3339']",growthbelowavg,regbelowavg
"['2013', '3345']",growthbelowavg,regbelowavg
"['2013', '3351']",growthaboveavg,regbelowavg
"['2013', '3352']",growthbelowavg,regbelowavg
"['2013', '3353']",growthbelowavg,regbelowavg
"['2013', '3361']",growthbelowavg,regaboveavg
"['2013', '3362']",growthbelowavg,regaboveavg
"['2013', '3363']",growthbelowavg,regaboveavg
"['2013', '3366']",growthbelowavg,regaboveavg
"['2013', '3391']",growthbelowavg,regaboveavg
"['2014', '3111']",growthbelowavg,regbelowavg
"['2014', '3112']",growthbelowavg,regbelowavg
"['2014', '3116']",growthbelowavg,regbelowavg
"['2014', '3121']",growthbelowavg,regbelowavg
"['2014', '3132']",growthbelowavg,regbelowavg
"['2014', '3133']",growthaboveavg,regbelowavg
"['2014', '3141']",growthbelowavg,regbelowavg
"['2014', '3211']",growthbelowavg,regbelowavg
"['2014', '3221']",growthbelowavg,regbelowavg
"['2014', '3241']",growthaboveavg,regaboveavg
"['2014', '3251']",growthaboveavg,regaboveavg
"['2014', '3253']",growthbelowavg,regaboveavg
"['2014', '3254']",growthbelowavg,regaboveavg
"['2014', '3255']",growthaboveavg,regbelowavg
"['2014', '3273']",growthbelowavg,regbelowavg
"['2014', '3274']",growthbelowavg,regbelowavg
"['2014', '3313']",growthbelowavg,regbelowavg
"['2014', '3333']",growthaboveavg,regbelowavg
"['2014', '3334']",growthbelowavg,regbelowavg
"['2014', '3336']",growthbelowavg,regbelowavg
"['2014', '3339']",growthbelowavg,regbelowavg
"['2014', '3345']",growthbelowavg,regbelowavg
"['2014', '3351']",growthaboveavg,regbelowavg
"['2014', '3352']",growthaboveavg,regbelowavg
"['2014', '3353']",growthaboveavg,regbelowavg
"['2014', '3361']",growthbelowavg,regaboveavg
"['2014', '3362']",growthaboveavg,regbelowavg
"['2014', '3363']",growthbelowavg,regaboveavg
"['2014', '3366']",growthbelowavg,regaboveavg
"['2014', '3391']",growthbelowavg,regaboveavg
